{"remote": 1.8329163789749146, "person": 3.6659774780273438, "bottle": 2.12483811378479}